optimal_gap,success,objective_value
0,1,0.0181818181818644
20.44,1,0.0714463984998858
0,1,0.0442582205106645
18.75,1,0.541666666666659
60.18,1,0.0237163666115023
0,1,0.0591715976355039
0,1,0.724098481017449
0,1,1.65854031835026
0,1,1.15661068023992
35.37,1,2.64392080157821
0,1,3.38844402771237
100,0,-1.06745168260147E-12
60.23,1,0.186602467305655
0,1,0.193423597678919
1.85,1,0.890756302521011
10,1,0.0414746543778808
0,1,0.490196078433031
34.61,1,0.084046473367495
0,0,-3.62628330141668E-12
0,1,1.11409395973154
0,0,-1.5762946503628E-12
10.34,1,6.93333333333103
9.77,1,0.953263785094933
0,1,1.26632556887034
3.81,1,3.89823676702813
7.69,1,7.20000000000141
0,1,0.0863358929029324
100,0,1.3239409568655E-13
0,1,3.49460853258322
0,1,0.220338983050947
5.75,1,5.01163939303768
0,1,0.201058201039265
53.33,1,7.41176470588767
0,1,0.052631578947361
100,0,4.91273688396632E-15
0,1,0.111229038419799
0,1,1.0967741935514
0,1,0.154362416115749
100,0,-2.4489854588694E-12
16.67,1,0.71428571428572
0,1,6
35,1,13
0,1,0.373853211009175
0,1,4.18181818181934
33.52,1,0.264297612435613
0,1,0.157683309053951
0,1,3.41292076102865
0,1,0.411674052832211
0,1,0.194649630667224
38.46,1,16
32.94,1,2.80711825487781
0,1,11
14.29,1,6
23.6,1,0.0543565147881715
5.39,1,4.90340594296531
43.92,1,8.73684210526315
12.61,1,4.10204081632638
59.56,1,3.75897405520671
3.48,1,1.69952123982587
16.67,1,5
0,1,4.75737704918033
14.29,1,12.0000000000003
0,1,2.61300384294506
0,1,2.96268419590598
0,1,0.724423660677671
0,1,1.68579575599921
27.82,1,0.159409020217735
50,1,4
0,1,0.00840450047356633
27.45,1,0.0275477275867879
0,1,3
0,1,0.00158428390438259
2.82,1,0.882176870748307
0,1,3.9999999999974
51.85,1,4.00000000000001
72.64,1,1.99999999999999
0,1,1.50204883759826
11.46,1,2.50460885801727
47.33,1,2.81237482871577
0,1,1.21470937129441
0,1,0.13324708925687
0,1,0.26470588235294
28.4,1,0.0869720283195873
0,1,0.415730337084894
0,1,0.369387755103202
0,1,0.398026315789476
0,1,0.395458580576224
7.97,1,1.18946335078534
0,1,3.28938867152343
23.08,1,10
0,1,0.0425531914885989
24.53,1,3.3739002932548
59.85,1,0.0184276213293338
0,1,1.08922942434925
0,1,1.84431137724343
0,1,0.280325203252006
36.36,1,3.50000000000242
0,1,3.45699831365936
0,1,4.00000000000051
0,1,0.38277511961904
15.5408,0.94,
