optimal_gap,success,objective_value
0,1,0.800000000000006
0,1,1
16.67,1,0.0415800415808005
0,1,0.56410256410455
0,1,2.34883720930304
0,1,0.200000000000001
0,1,2.28571428571429
0,1,0.0869565217391326
0,1,6
0,1,0.0270270270270281
0,1,1.56190476190101
1.65,1,1.17777777777839
0,1,10
0,1,6
0,1,4
0,1,0.666666666661561
0,1,1.5
0,1,1
0,1,2
0,1,7.00000000000001
0,1,0.546448087431697
0,1,5
0,1,2
0,1,1.33333333334132
0,1,7.26666666666705
0,1,3.6111111111112
0,1,0.370370370363604
0,1,1.00000000000284
0,1,0.419354838710077
0,1,2.85714285714285
0,1,2
0,1,1.91666666666673
0,1,0.891385767791426
0,1,6
0,1,2.00000000000227
0,1,1.2
0,1,6.31578947368422
0,1,2.5
0,1,0.499999999999997
0,1,5
0,1,0.0835654596114815
0,1,0.52788104088913
0,1,0.00399201596772117
0,1,1.8333333333333
0,1,6
0,1,0.500000000000001
0,1,1.85714285714286
0,1,9
0,1,0.571428571428572
0,1,0.776255707772018
0,1,4
0,1,1
0,1,0.583333333333333
2.15,1,3.64000000000177
0,1,0.250000000004165
0,1,0.610526315789464
0,1,0.346414073073933
0,1,1
0,1,0.947368421052632
0,1,0.363636363637177
0,1,9
4,1,0.52173913043478
0,1,1.00000000000061
0,1,2
0,1,4.46277336391189
0,1,0.666666666666668
7.01,1,0.700973574408902
0,1,0.500000000000001
0,1,0.800000000000001
0,1,0.418181818182861
0,1,0.115384615382728
0,1,3.10526315789475
0,1,0.352941176470886
0,1,1.26
0,1,0.0627802690637863
0,1,7
0,1,3.50000000000018
0,1,0.444444444444442
0,1,5
33.33,1,0.289156626508153
0,1,10
0,1,1.92857142857348
0,1,1.67142857142857
0,1,0.937500000001409
80,1,0.100000000004232
0,1,0.190476190476192
0,1,2
0,1,1.66666666666667
0,1,2.20000000000057
0,1,5
0,1,2.04166666666668
71.11,1,0.136125654450258
0,1,1.54545454545455
0,1,3
0,1,0.153846153846283
0,1,10
0,1,0.403846153845499
0,1,4
53.33,1,0.170731707318766
0,1,1.85555555555556
2.6925,1,
