optimal_gap,success,objective_value
0,1,0.0181818181813246
0,1,0.0897993564513932
0,1,0.0442582205096911
18.75,1,0.541666666666659
60.18,1,0.0237163666115023
0,1,0.0591715976421725
0,1,0.724098481025944
0,1,1.6585403183576
0,1,1.15661068024502
7.65,1,3.77762907814479
0,1,3.38844402770282
100,0,-0.00161836654342484
15.89,1,0.394610156476485
0,1,0.193423597678919
1.85,1,0.890756302521011
10,1,0.041474654380895
0,1,0.490196078433436
34.61,1,0.0840464733600235
0,0,-1.01163522003844E-12
0,1,1.11409395973154
0,0,6.00020033658666E-13
0,1,7.73333333333115
0,1,1.05652933152133
0,1,1.26632556887034
3.81,1,3.89823676702813
1.28,1,7.70000000000461
0,1,0.0863358928815728
100,0,-2.25908181050727E-12
0,1,3.49460853259888
0,1,0.220338983050947
5.75,1,5.01163939303768
0,1,0.201058201060198
0,1,15.8823529411787
0,1,0.052631578947361
0,1,0.0554508748349415
6.11,1,0.10443642535837
0,1,1.09677419355758
0,1,0.1543624161074
100,0,2.50979792504324E-13
16.67,1,0.714285714291088
0,1,6
0,1,20
0,1,0.373853211009175
0,1,4.18181818181819
33.52,1,0.264297612436685
0,1,0.157683309053951
0,1,3.41292076102865
0,1,0.411674052832211
0,1,0.194649630674463
0,1,26
32.94,1,2.80711825488228
0,1,11
0,1,7
16.85,1,0.0591526778624556
0,1,5.18254333007159
0,1,15.5789473684205
0,1,4.69387755102109
8.61,1,8.4947281127901
3.48,1,1.69952123982587
0,1,6
0,1,4.75737704918033
0,1,14.0000000000015
0,1,2.61300384295974
0,1,2.96268419591413
0,1,0.724423660677671
0,1,1.68579575599921
0,1,0.220839813370579
0,1,8
0,1,0.0084045004746176
27.45,1,0.0275477275868639
0,1,3
0,1,0.00158428390354304
2.82,1,0.882176870748307
0,1,4.00000000000238
5.93,1,7.81419882194625
1.77,1,7.18129927480759
0,1,1.50204883759826
0,1,2.82885240799797
3.83,1,5.13523769368595
0,1,1.21470937130516
0,1,0.133247089263219
0,1,0.26470588235294
28.4,1,0.0869720283337791
0,1,0.415730337073108
0,1,0.3693877551021
0,1,0.398026315789476
0,1,0.39545858057867
0,1,1.29253926702164
0,1,3.28938867152343
0,1,13
0,1,0.042553191487458
24.53,1,3.37390029325385
0,1,0.0459015294928921
0,1,1.08922942434034
0,1,1.84431137723337
17.73,1,0.230615563298468
0,1,5.49999999999985
0,1,3.45699831365936
0,1,4.00000000000868
0,1,0.382775119607733
6.9041,0.95,
