optimal_gap,success,objective_value
0,1,9.71764705882235
0,1,22
100,0,-5.08482145278322E-14
0,1,0.811659681610482
0,1,3.14173609055826
0,1,9.80000000000001
0,1,0.176782807588145
100,0,1.43127870666504E-12
0,1,4.69606312276976
4.41,1,3.38071675964013
0,1,0.018563373702907
0,1,3.47181395996411
7.83,1,0.538295469162838
6.11,1,0.962133861950601
0,1,0.417673794203719
0,1,19
0,1,0.876703718334409
0,1,0.602854966449533
0,1,7.34695222405419
0,1,0.0596388072246558
12.8,1,0.317340997862832
1.73,1,9.32775250227489
2.88,1,2.29239968140945
0,1,1.36898772580507
0,1,2.23848397483448
0,1,0.0493924466334298
0,1,9.9657608695692
0,1,12.6666666666671
3.92,1,1.34953545637964
65.81,1,0.00631305681793004
8.24,1,0.172470275968342
0,1,0.000265639528643113
0,1,0.520160419980472
0,1,0.100162601626051
92.16,1,0.000654359460199649
0,1,9.84507042253756
15.76,1,0.0900379135588518
0,1,3.72809581034633
0,1,0.414690129901794
0,1,13.5000000000031
0,1,0.195161938690705
0,1,0.0587290834335805
0,1,0.144876153171477
0,1,0.156653391273809
0,1,5.62773122817126
0,1,0.150106953546747
0,1,0.649060436768892
43.38,1,0.0164883437936121
0,1,0.855695876364952
0,1,9.71428571428415
0,1,0.502253652565617
0,1,1.17999014633058
0,1,2.20084695532563
0,1,0.192250672618946
0,1,3.63663663663663
0,1,0.195363060488746
1.63,1,7.95180589408295
0,1,0.0679238289399061
0,0,1.4299672557172E-13
0,1,3.10840836097509
0,1,0.0787349146905138
0,1,0.165958558756943
6.75,1,3.28481272164454
0,1,0.183755118100712
0,1,0.0333333333315257
0,1,1.86170934507042
0,1,0.130283778054465
0,1,13.0000000000023
1.15,1,0.267054300438078
0,1,0.153179557640462
0.69,1,0.219999999996945
0.2,1,5.2199088286534
0,1,0.478651475338321
3.75,1,0.419429388965086
0,1,0.657008472937978
0.82,1,7.92962158995347
0.2,1,1.06155812936643
0,1,0.25063789081464
0,1,11
25.58,1,0.0597014925373148
0,1,0.0484429065744622
0,1,0.238743781976578
0,1,0.732308196066104
0,1,0.554835198198515
33.33,1,8
0,1,4.49482761796637
0,1,0.0772065706637293
100,0,1.19484977467721E-12
0,1,0.474720089696355
0,1,0.10311315396276
0,1,0.220618370852781
0,1,5.59477335054223
7.46,1,0.520068375213029
0,1,0.686750345886222
0,1,4.99601554581603
0,1,1.82457576450521
0,1,18
0,1,0.148339734414284
3.47,1,0.55607712862626
16.53,1,4.6653089970201
6.6659,0.96,
