optimal_gap,success,objective_value
0,1,9.71764705882418
0,1,22
100,0,-7.29416527178728E-14
0,1,0.811659681610482
0,1,3.14173609055826
38.78,1,6
7.55,1,0.163439275392722
100,0,5.79924996912951E-13
0,1,4.69606312276853
4.41,1,3.38071675964013
100,0,2.64482880041328E-12
0,1,3.47181395996213
23.36,1,0.447593040046892
6.11,1,0.962133861950601
30.44,1,0.290535839714412
47.37,1,10
15.76,1,0.738528638928901
0,1,0.602854966444461
0,1,7.34695222405275
0,1,0.0596388072238382
12.8,1,0.317340997862832
3.17,1,9.19162875341261
7.06,1,2.19373325052839
2.2,1,1.33883142999037
0,1,2.23848397482892
100,0,9.04831765069503E-14
0,1,9.96576086956453
47.37,1,6.66666666666667
3.92,1,1.34953545637964
100,0,6.57252030578093E-14
8.24,1,0.172470275966774
100,0,-3.68582941945306E-12
41.18,1,0.305978949791172
42.86,1,0.0572357723577106
100,0,-8.98947583038989E-13
0,1,9.84507042253542
40.5,1,0.0635967825184775
11.11,1,3.3139646037035
0,1,0.414690129901794
25.93,1,10
23.42,1,0.149453373164447
59.75,1,0.0236409898063705
0,1,0.144876153160819
10.39,1,0.140378745759289
3.46,1,5.43306749581055
33.59,1,0.099691700385884
7.51,1,0.600304723209741
100,0,-0.00745270109917681
3.17,1,0.828535587732851
4.41,1,9.28571428571426
16.23,1,0.420760508880639
0,1,1.17999014633058
0,1,2.20084695532563
0,1,0.192250672620408
0,1,3.63663663663663
1.02,1,0.193368834777822
0,1,8.08353645025491
8.73,1,0.0619932354169315
0,0,9.91873250200115E-13
0,1,3.10840836097509
0,1,0.0787349146899707
53.59,1,0.0770176236607814
6.75,1,3.28481272164453
4.87,1,0.174807222029543
100,0,-0.100000000000203
2.02,1,1.82417443713416
50.91,1,0.0639559508679
0,1,13
7.14,1,0.250881507827522
0,1,0.153179557636509
4.17,1,0.212307692307697
0.02,1,5.22950199799135
0,1,0.478651475338321
5.38,1,0.412323005289016
0,1,0.657008472937978
0,1,7.99541833719308
0.2,1,1.06155812936643
25.74,1,0.186134528291522
27.27,1,8
20.93,1,0.0634328358184957
0,1,0.0484429065783951
53.08,1,0.112016553053405
1.09,1,0.724319085553699
0,1,0.554835198200356
33.33,1,8
1.54,1,4.42554427365187
100,0,-1.83175696832905E-12
100,0,-0.00393832435430552
6.89,1,0.442033458376514
69.42,1,0.0315304249052915
13.77,1,0.190231425581505
5.68,1,5.2769801580906
7.46,1,0.520068375213029
43.62,1,0.387214970802283
0,1,4.99601554581347
10.62,1,1.63074157447644
27.78,1,13
43.58,1,0.0837006278255288
7.6,1,0.53223462927644
2.73,1,5.43662957640958
22.2898,0.88,
