optimal_gap,success,objective_value
100,0,3.5527136788005E-15
72,1,0.0251406109333345
100,0,-3.5527136788005E-15
93.75,1,0.0416666666666634
60.18,1,0.0237163666115023
0,1,0.0591715976331333
66.37,1,0.243480254764647
78.06,1,0.363914640545747
2.57,1,1.12684354385384
0,1,4.09068757180721
0,1,3.38844402769975
100,0,-0.513744046763764
66.5,1,0.157148654090233
0,1,0.193423597678919
1.85,1,0.890756302521077
10,1,0.0414746543778808
22.5,1,0.379901960784325
75.74,1,0.0311817731981794
0,0,-0.267274755095233
51.81,1,0.536912751677789
0,0,-3.5527136788005E-15
15.52,1,6.53333333333324
30.48,1,0.734544136962723
88.23,1,0.14905076073785
4.49,1,3.87080675978672
50,1,3.89999999999999
60.43,1,0.0341602677692521
100,0,7.105427357601E-15
0,1,3.49460853258322
53.85,1,0.101694915254194
5.75,1,5.01163939303768
64.33,1,0.0717225161669717
29.63,1,11.1764705882353
0,1,0.052631578947361
100,0,0
74.43,1,0.0284440670770554
64.71,1,0.38709677419381
82.61,1,0.0268456375838806
100,0,-0.108489795338414
16.67,1,0.714285714285713
0,1,6
0,1,20
0,1,0.373853211009175
0,1,4.18181818181825
88.83,1,0.0444197667962349
36.17,1,0.100648920672732
29.71,1,2.39891281622413
93.54,1,0.0265801325665747
76.51,1,0.0457177081253697
0,1,26
15.47,1,3.53846153846155
0,1,11
42.86,1,4
23.6,1,0.0543565147881626
11.11,1,4.60664053045991
10.14,1,14
14.78,1,4
18.27,1,7.59637483710464
27.49,1,1.27673333763159
16.67,1,5
5.53,1,4.49448584202672
0,1,14
0,1,2.61300384294506
17.83,1,2.43439135868616
85.64,1,0.104028222167532
0,1,1.68579575599921
27.82,1,0.159409020217735
0,1,8
100,0,7.50510764646606E-14
100,0,-0.407720243549475
6.67,1,2.8
100,0,0
6.65,1,0.847346938775527
28.23,1,2.87096774193548
26.68,1,6.09102184469366
18.92,1,5.92746574304571
52.33,1,0.715964208061552
24.21,1,2.14395611125621
2.99,1,5.1800358385159
47.04,1,0.643265394155074
61.17,1,0.0517464424321028
68.06,1,0.0845588235295054
73.87,1,0.0317419880776608
63.51,1,0.151685393258415
45.3,1,0.202040816326548
0,1,0.398026315789476
92.82,1,0.0284072326309381
14.89,1,1.10013089005235
0,1,3.28938867152343
0,1,13
100,0,-3.5527136788005E-15
55.26,1,2
100,0,0
76.97,1,0.25084283653884
71,1,0.534930139720562
79.05,1,0.0587224157955895
45.45,1,3
8.73,1,3.15514333895447
0,1,4
82.5,1,0.0669856459330127
40.3673,0.87,
