optimal_gap,success,objective_value
15.86,1,8.17647058823516
0,1,22
100,0,1.77635683940025E-15
0,1,0.811659681610482
43.34,1,1.78023565540745
20.41,1,7.8
29.09,1,0.125355923305747
100,0,-1.06581410364015E-14
2.62,1,4.57308736826115
5.4,1,3.34552534409147
100,0,3.5527136788005E-15
6.52,1,3.24540378828727
40.85,1,0.345452725790997
6.11,1,0.962133861950601
91.53,1,0.0353649536314897
0,1,19
62.69,1,0.327077402545935
0,1,0.602854966444461
8.89,1,6.69390444810538
100,0,3.5527136788005E-15
72.34,1,0.100670646326138
15.64,1,8.00727934485893
21.94,1,1.84252933427428
69.27,1,0.420643035000805
20.73,1,1.7744239387603
100,0,-1.77635683940025E-15
22.78,1,7.6951086956522
0,1,12.6666666666666
46.7,1,0.748598268353941
100,0,1.77635683940025E-15
40.76,1,0.111332965537017
100,0,1.77635683940025E-15
94.42,1,0.0290505430883315
100,0,3.5527136788005E-15
100,0,0
1,1,9.74647887323939
71,1,0.0309991225969597
11.11,1,3.3139646037035
53.15,1,0.194299586577102
0,1,13.5
86.33,1,0.0266810647202842
59.75,1,0.0236409898063705
29.12,1,0.102690399776227
60.67,1,0.0616076460197661
7.83,1,5.18719336146501
70.09,1,0.0449038664909622
7.51,1,0.600304723209741
100,0,-3.5527136788005E-15
30.89,1,0.591341241172035
30.88,1,6.71428571428581
52.56,1,0.238260709664381
70.74,1,0.345249476261666
35.65,1,1.41616318537192
20.53,1,0.152790233724438
0,1,3.63663663663663
71.46,1,0.0557504278077978
16.87,1,6.72003102149358
46.11,1,0.03660288189743
0,0,3.5527136788005E-15
0,1,3.10840836097509
0,1,0.0787349146899707
87.63,1,0.0205270645620228
13.07,1,3.06199444879468
76.7,1,0.0428218509805411
100,0,-3.5527136788005E-15
53.65,1,0.862924220192166
50.91,1,0.0639559508679
0,1,13
35,1,0.175600430861465
76.9,1,0.0353830262978967
27.78,1,0.160000000000007
10.5,1,4.6810674199546
11.92,1,0.421581287570088
92.28,1,0.0336225167549991
0,1,0.657008472937978
15.79,1,6.73272898202011
22.64,1,0.822826090323755
90.32,1,0.0242729306487384
9.09,1,10
34.88,1,0.052238805970152
100,0,-7.105427357601E-15
64.94,1,0.0837006278255714
78.45,1,0.157815498237099
76.06,1,0.132844069143726
0,1,12
17.96,1,3.68752191019121
100,0,1.06581410364015E-14
100,0,-3.5527136788005E-15
48.84,1,0.242884360476332
69.42,1,0.0315304249052915
56.16,1,0.0967161266573839
57.97,1,2.35134699145035
15.36,1,0.475695478590382
89.34,1,0.0731884384500852
0,1,4.99601554581347
38.29,1,1.12599262478284
5.56,1,17
43.58,1,0.0837006278255288
80.93,1,0.109868287154458
34.68,1,3.65066934029959
44.5774,0.85,
