optimal_gap,success,objective_value
37.65,1,6.05882352941317
0,1,22
100,0,-5.05779716466733
0,1,0.811659681610482
0,1,3.14173609055826
0,1,9.8
7.55,1,0.163439275392722
100,0,-0.615514314286287
0.52,1,4.6714517944332
4.41,1,3.38071675964013
100,0,1.90403248723214E-14
1.79,1,3.40978901779347
23.36,1,0.447593040046892
6.11,1,0.962133861950601
30.44,1,0.290535839714412
0,1,19
15.76,1,0.738528638928901
0,1,0.602854966444783
59.57,1,2.97067545304778
100,0,-0.61066778664428
12.8,1,0.317340997862832
39.7,1,5.72338489535943
7.06,1,2.19373325052839
2.2,1,1.33883142999037
0,1,2.23848397482892
100,0,-1.20183908045977
21.36,1,7.83695652174696
5.26,1,12
3.92,1,1.34953545637964
100,0,2.38697950294409E-14
8.24,1,0.172470275966774
100,0,-2.14955505379201
41.18,1,0.305978949791172
100,0,3.64153152077051E-14
100,0,-3.35047279521027
51.11,1,4.81338028169014
41.99,1,0.0619982451939378
0,1,3.7280958103458
0,1,0.414690129901794
3.7,1,13.0000000000074
26.7,1,0.143053070490021
59.75,1,0.0236409898063705
0,1,0.144876153160819
10.39,1,0.140378745759289
3.46,1,5.43306749581055
0,1,0.150106953550549
7.51,1,0.600304723209741
100,0,9.45910016980633E-14
3.17,1,0.828535587732851
11.76,1,8.57142857142851
16.23,1,0.420760508880639
0,1,1.17999014633058
0,1,2.20084695532563
20.53,1,0.152790233724438
0,1,3.63663663663663
1.02,1,0.193368834777822
53.22,1,3.78174163527952
8.73,1,0.0619932354169315
0,0,-5.46752677717615
0,1,3.10840836097509
0,1,0.0787349146899707
53.59,1,0.0770176236607814
6.75,1,3.28481272164453
4.87,1,0.174807222029543
100,0,-0.100000000000009
2.02,1,1.82417443713416
50.91,1,0.0639559508679
0,1,13.000000000007
7.14,1,0.250881507827522
0,1,0.153179557636509
4.17,1,0.212307692307697
4.17,1,5.01245424257293
0,1,0.478651475338321
5.38,1,0.412323005289016
0,1,0.657008472937978
65.84,1,2.7311282191452
0.2,1,1.06155812936644
25.74,1,0.186134528291522
9.09,1,10
25.58,1,0.0597014925373145
100,0,-1.62629757785462
53.08,1,0.112016553053405
1.09,1,0.724319085553699
33.25,1,0.370350794883791
33.33,1,8
1.54,1,4.42554427365187
100,0,4.75175454539567E-14
100,0,-0.0981980308378345
6.89,1,0.442033458376514
69.42,1,0.0315304249052915
13.77,1,0.190231425581505
3.55,1,5.39603161800301
7.46,1,0.520068375213029
43.62,1,0.387214970802283
0,1,4.99601554581347
10.62,1,1.63074157447644
0,1,18
43.58,1,0.0837006278255288
7.6,1,0.53223462927644
39.97,1,3.35547168990145
26.8237,0.85,
